Date; 	Time; 	Message; 	Quantity; 	Unit; 	UID; 	Store; 	Location; 	Product; 	Transaction;
2020-05-25; 	 08:47:29; 	R dispensed; 	29.73;	 R; 	cpt1nut1d1;	Nude Foods;	Cape Town;	Almonds-Raw;	320;
2020-05-25; 	 08:47:29; 	g dispensed; 	117;	 g; 	cpt1nut1d1;	Nude Foods;	Cape Town;	Almonds-Raw;	320;
2020-05-25; 	 08:47:55; 	R dispensed; 	57.46;	 R; 	cpt1nut1d1;	Nude Foods;	Cape Town;	Almonds-Raw;	321;
2020-05-25; 	 08:47:55; 	g dispensed; 	225;	 g; 	cpt1nut1d1;	Nude Foods;	Cape Town;	Almonds-Raw;	321;
2020-05-25; 	 08:48:15; 	R dispensed; 	49.89;	 R; 	cpt1nut1d1;	Nude Foods;	Cape Town;	Almonds-Raw;	322;
2020-05-25; 	 08:48:15; 	g dispensed; 	196;	 g; 	cpt1nut1d1;	Nude Foods;	Cape Town;	Almonds-Raw;	322;
2020-05-25; 	 08:49:19; 	R dispensed; 	27.58;	 R; 	cpt1nut1d1;	Nude Foods;	Cape Town;	Almonds-Raw;	323;
2020-05-25; 	 08:49:19; 	g dispensed; 	108;	 g; 	cpt1nut1d1;	Nude Foods;	Cape Town;	Almonds-Raw;	323;
Date; 	Time; 	Message; 	Quantity; 	Unit; 	UID; 	Store; 	Location; 	Product; 	Transaction;
2020-05-25; 	 08:57:56; 	R dispensed; 	46.56;	 R; 	cpt1nut1d1;	Nude Foods;	Cape Town;	Almonds-Raw;	325;
2020-05-25; 	 08:57:56; 	g dispensed; 	183;	 g; 	cpt1nut1d1;	Nude Foods;	Cape Town;	Almonds-Raw;	325;
Date; 	Time; 	Message; 	Quantity; 	Unit; 	UID; 	Store; 	Location; 	Product; 	Transaction;
2020-05-25; 	 08:58:32; 	R dispensed; 	45.81;	 R; 	cpt1nut1d1;	Nude Foods;	Cape Town;	Almonds-Raw;	326;
2020-05-25; 	 08:58:32; 	g dispensed; 	180;	 g; 	cpt1nut1d1;	Nude Foods;	Cape Town;	Almonds-Raw;	326;
2020-05-25; 	 09:01:13; 	R dispensed; 	36.21;	 R; 	cpt1nut1d1;	Nude Foods;	Cape Town;	Almonds-Raw;	327;
2020-05-25; 	 09:01:13; 	g dispensed; 	142;	 g; 	cpt1nut1d1;	Nude Foods;	Cape Town;	Almonds-Raw;	327;
2020-05-25; 	 09:02:51; 	R dispensed; 	40.70;	 R; 	cpt1nut1d1;	Nude Foods;	Cape Town;	Almonds-Raw;	328;
2020-05-25; 	 09:02:51; 	g dispensed; 	160;	 g; 	cpt1nut1d1;	Nude Foods;	Cape Town;	Almonds-Raw;	328;
2020-05-25; 	 09:03:46; 	R dispensed; 	78.11;	 R; 	cpt1nut1d1;	Nude Foods;	Cape Town;	Almonds-Raw;	329;
2020-05-25; 	 09:03:46; 	g dispensed; 	306;	 g; 	cpt1nut1d1;	Nude Foods;	Cape Town;	Almonds-Raw;	329;
Date; 	Time; 	Message; 	Quantity; 	Unit; 	UID; 	Store; 	Location; 	Product; 	Transaction;
Date; 	Time; 	Message; 	Quantity; 	Unit; 	UID; 	Store; 	Location; 	Product; 	Transaction;
2020-05-25; 	 09:07:19; 	R dispensed; 	56.44;	 R; 	cpt1nut1d1;	Nude Foods;	Cape Town;	Almonds-Raw;	330;
2020-05-25; 	 09:07:19; 	g dispensed; 	221;	 g; 	cpt1nut1d1;	Nude Foods;	Cape Town;	Almonds-Raw;	330;
2020-05-25; 	 09:07:40; 	R dispensed; 	83.42;	 R; 	cpt1nut1d1;	Nude Foods;	Cape Town;	Almonds-Raw;	331;
2020-05-25; 	 09:07:40; 	g dispensed; 	327;	 g; 	cpt1nut1d1;	Nude Foods;	Cape Town;	Almonds-Raw;	331;
Date; 	Time; 	Message; 	Quantity; 	Unit; 	UID; 	Store; 	Location; 	Product; 	Transaction;
2020-05-25; 	 09:12:16; 	R dispensed; 	79.50;	 R; 	cpt1nut1d1;	Nude Foods;	Cape Town;	Almonds-Raw;	332;
2020-05-25; 	 09:12:16; 	g dispensed; 	312;	 g; 	cpt1nut1d1;	Nude Foods;	Cape Town;	Almonds-Raw;	332;
2020-05-25; 	 09:13:17; 	R dispensed; 	126.59;	 R; 	cpt1nut1d1;	Nude Foods;	Cape Town;	Almonds-Raw;	333;
2020-05-25; 	 09:13:17; 	g dispensed; 	496;	 g; 	cpt1nut1d1;	Nude Foods;	Cape Town;	Almonds-Raw;	333;
2020-05-25; 	 09:13:44; 	R dispensed; 	129.40;	 R; 	cpt1nut1d1;	Nude Foods;	Cape Town;	Almonds-Raw;	334;
2020-05-25; 	 09:13:44; 	g dispensed; 	507;	 g; 	cpt1nut1d1;	Nude Foods;	Cape Town;	Almonds-Raw;	334;
2020-05-25; 	 09:17:23; 	R dispensed; 	98.17;	 R; 	cpt1nut1d1;	Nude Foods;	Cape Town;	Almonds-Raw;	335;
2020-05-25; 	 09:17:23; 	g dispensed; 	385;	 g; 	cpt1nut1d1;	Nude Foods;	Cape Town;	Almonds-Raw;	335;
Date; 	Time; 	Message; 	Quantity; 	Unit; 	UID; 	Store; 	Location; 	Product; 	Transaction;
2020-05-25; 	 09:21:18; 	R dispensed; 	147.84;	 R; 	cpt1nut1d1;	Nude Foods;	Cape Town;	Almonds-Raw;	336;
2020-05-25; 	 09:21:18; 	g dispensed; 	580;	 g; 	cpt1nut1d1;	Nude Foods;	Cape Town;	Almonds-Raw;	336;
2020-05-25; 	 09:22:00; 	R dispensed; 	39.99;	 R; 	cpt1nut1d1;	Nude Foods;	Cape Town;	Almonds-Raw;	337;
2020-05-25; 	 09:22:00; 	g dispensed; 	157;	 g; 	cpt1nut1d1;	Nude Foods;	Cape Town;	Almonds-Raw;	337;
Date; 	Time; 	Message; 	Quantity; 	Unit; 	UID; 	Store; 	Location; 	Product; 	Transaction;
Date; 	Time; 	Message; 	Quantity; 	Unit; 	UID; 	Store; 	Location; 	Product; 	Transaction;
2020-05-25; 	 09:37:38; 	R dispensed; 	32.49;	 R; 	cpt1nut1d1;	Nude Foods;	Cape Town;	Almonds-Raw;	338;
2020-05-25; 	 09:37:38; 	g dispensed; 	127;	 g; 	cpt1nut1d1;	Nude Foods;	Cape Town;	Almonds-Raw;	338;
Date; 	Time; 	Message; 	Quantity; 	Unit; 	UID; 	Store; 	Location; 	Product; 	Transaction;
2020-05-25; 	 09:44:11; 	R dispensed; 	156.20;	 R; 	cpt1nut1d1;	Nude Foods;	Cape Town;	Almonds-Raw;	339;
2020-05-25; 	 09:44:11; 	g dispensed; 	613;	 g; 	cpt1nut1d1;	Nude Foods;	Cape Town;	Almonds-Raw;	339;
2020-05-25; 	 09:45:43; 	R dispensed; 	73.68;	 R; 	cpt1nut1d1;	Nude Foods;	Cape Town;	Almonds-Raw;	340;
2020-05-25; 	 09:45:43; 	g dispensed; 	289;	 g; 	cpt1nut1d1;	Nude Foods;	Cape Town;	Almonds-Raw;	340;
Date; 	Time; 	Message; 	Quantity; 	Unit; 	UID; 	Store; 	Location; 	Product; 	Transaction;
Date; 	Time; 	Message; 	Quantity; 	Unit; 	UID; 	Store; 	Location; 	Product; 	Transaction;
Date; 	Time; 	Message; 	Quantity; 	Unit; 	UID; 	Store; 	Location; 	Product; 	Transaction;
Date; 	Time; 	Message; 	Quantity; 	Unit; 	UID; 	Store; 	Location; 	Product; 	Transaction;
Date; 	Time; 	Message; 	Quantity; 	Unit; 	UID; 	Store; 	Location; 	Product; 	Transaction;
Date; 	Time; 	Message; 	Quantity; 	Unit; 	UID; 	Store; 	Location; 	Product; 	Transaction;
Date; 	Time; 	Message; 	Quantity; 	Unit; 	UID; 	Store; 	Location; 	Product; 	Transaction;
Date; 	Time; 	Message; 	Quantity; 	Unit; 	UID; 	Store; 	Location; 	Product; 	Transaction;
Date; 	Time; 	Message; 	Quantity; 	Unit; 	UID; 	Store; 	Location; 	Product; 	Transaction;
Date; 	Time; 	Message; 	Quantity; 	Unit; 	UID; 	Store; 	Location; 	Product; 	Transaction;
Date; 	Time; 	Message; 	Quantity; 	Unit; 	UID; 	Store; 	Location; 	Product; 	Transaction;
Date; 	Time; 	Message; 	Quantity; 	Unit; 	UID; 	Store; 	Location; 	Product; 	Transaction;
Date; 	Time; 	Message; 	Quantity; 	Unit; 	UID; 	Store; 	Location; 	Product; 	Transaction;
Date; 	Time; 	Message; 	Quantity; 	Unit; 	UID; 	Store; 	Location; 	Product; 	Transaction;
2020-05-25; 	 14:17:36; 	R dispensed; 	40.71;	 R; 	cpt1nut1d1;	Nude Foods;	Cape Town;	Almonds-Raw;	341;
2020-05-25; 	 14:17:36; 	g dispensed; 	160;	 g; 	cpt1nut1d1;	Nude Foods;	Cape Town;	Almonds-Raw;	341;
2020-05-25; 	 14:18:38; 	R dispensed; 	1.21;	 R; 	cpt1nut1d1;	Nude Foods;	Cape Town;	Almonds-Raw;	342;
2020-05-25; 	 14:18:38; 	g dispensed; 	5;	 g; 	cpt1nut1d1;	Nude Foods;	Cape Town;	Almonds-Raw;	342;
Date; 	Time; 	Message; 	Quantity; 	Unit; 	UID; 	Store; 	Location; 	Product; 	Transaction;
Date; 	Time; 	Message; 	Quantity; 	Unit; 	UID; 	Store; 	Location; 	Product; 	Transaction;
Date; 	Time; 	Message; 	Quantity; 	Unit; 	UID; 	Store; 	Location; 	Product; 	Transaction;
2020-05-25; 	 14:28:14; 	R dispensed; 	124.41;	 R; 	cpt1nut1d1;	Nude Foods;	Cape Town;	Almonds-Raw;	343;
2020-05-25; 	 14:28:14; 	g dispensed; 	488;	 g; 	cpt1nut1d1;	Nude Foods;	Cape Town;	Almonds-Raw;	343;
2020-05-25; 	 14:28:48; 	R dispensed; 	86.94;	 R; 	cpt1nut1d1;	Nude Foods;	Cape Town;	Almonds-Raw;	344;
2020-05-25; 	 14:28:48; 	g dispensed; 	341;	 g; 	cpt1nut1d1;	Nude Foods;	Cape Town;	Almonds-Raw;	344;
2020-05-25; 	 14:30:00; 	R dispensed; 	52.63;	 R; 	cpt1nut1d1;	Nude Foods;	Cape Town;	Almonds-Raw;	345;
2020-05-25; 	 14:30:00; 	g dispensed; 	206;	 g; 	cpt1nut1d1;	Nude Foods;	Cape Town;	Almonds-Raw;	345;
Date; 	Time; 	Message; 	Quantity; 	Unit; 	UID; 	Store; 	Location; 	Product; 	Transaction;
2020-05-25; 	 14:32:57; 	R dispensed; 	132.34;	 R; 	cpt1nut1d1;	Nude Foods;	Cape Town;	Almonds-Raw;	346;
2020-05-25; 	 14:32:57; 	g dispensed; 	519;	 g; 	cpt1nut1d1;	Nude Foods;	Cape Town;	Almonds-Raw;	346;
Date; 	Time; 	Message; 	Quantity; 	Unit; 	UID; 	Store; 	Location; 	Product; 	Transaction;
2020-05-25; 	 14:35:44; 	R dispensed; 	130.21;	 R; 	cpt1nut1d1;	Nude Foods;	Cape Town;	Almonds-Raw;	347;
2020-05-25; 	 14:35:44; 	g dispensed; 	511;	 g; 	cpt1nut1d1;	Nude Foods;	Cape Town;	Almonds-Raw;	347;
2020-05-25; 	 14:36:12; 	R dispensed; 	103.62;	 R; 	cpt1nut1d1;	Nude Foods;	Cape Town;	Almonds-Raw;	348;
2020-05-25; 	 14:36:12; 	g dispensed; 	406;	 g; 	cpt1nut1d1;	Nude Foods;	Cape Town;	Almonds-Raw;	348;
2020-05-25; 	 14:36:47; 	R dispensed; 	118.56;	 R; 	cpt1nut1d1;	Nude Foods;	Cape Town;	Almonds-Raw;	349;
2020-05-25; 	 14:36:47; 	g dispensed; 	465;	 g; 	cpt1nut1d1;	Nude Foods;	Cape Town;	Almonds-Raw;	349;
2020-05-25; 	 14:37:16; 	R dispensed; 	47.94;	 R; 	cpt1nut1d1;	Nude Foods;	Cape Town;	Almonds-Raw;	350;
2020-05-25; 	 14:37:16; 	g dispensed; 	188;	 g; 	cpt1nut1d1;	Nude Foods;	Cape Town;	Almonds-Raw;	350;
Date; 	Time; 	Message; 	Quantity; 	Unit; 	UID; 	Store; 	Location; 	Product; 	Transaction;
Date; 	Time; 	Message; 	Quantity; 	Unit; 	UID; 	Store; 	Location; 	Product; 	Transaction;
Date; 	Time; 	Message; 	Quantity; 	Unit; 	UID; 	Store; 	Location; 	Product; 	Transaction;
Date; 	Time; 	Message; 	Quantity; 	Unit; 	UID; 	Store; 	Location; 	Product; 	Transaction;
Date; 	Time; 	Message; 	Quantity; 	Unit; 	UID; 	Store; 	Location; 	Product; 	Transaction;
2020-05-25; 	 14:44:37; 	R dispensed; 	130.00;	 R; 	cpt1nut1d1;	Nude Foods;	Cape Town;	Almonds-Raw;	352;
2020-05-25; 	 14:44:37; 	g dispensed; 	510;	 g; 	cpt1nut1d1;	Nude Foods;	Cape Town;	Almonds-Raw;	352;
2020-05-25; 	 14:45:04; 	R dispensed; 	136.03;	 R; 	cpt1nut1d1;	Nude Foods;	Cape Town;	Almonds-Raw;	353;
2020-05-25; 	 14:45:04; 	g dispensed; 	533;	 g; 	cpt1nut1d1;	Nude Foods;	Cape Town;	Almonds-Raw;	353;
2020-05-25; 	 14:45:25; 	R dispensed; 	175.17;	 R; 	cpt1nut1d1;	Nude Foods;	Cape Town;	Almonds-Raw;	354;
2020-05-25; 	 14:45:25; 	g dispensed; 	687;	 g; 	cpt1nut1d1;	Nude Foods;	Cape Town;	Almonds-Raw;	354;
2020-05-25; 	 14:45:59; 	R dispensed; 	84.48;	 R; 	cpt1nut1d1;	Nude Foods;	Cape Town;	Almonds-Raw;	355;
2020-05-25; 	 14:45:59; 	g dispensed; 	331;	 g; 	cpt1nut1d1;	Nude Foods;	Cape Town;	Almonds-Raw;	355;
2020-05-25; 	 14:46:26; 	R dispensed; 	223.34;	 R; 	cpt1nut1d1;	Nude Foods;	Cape Town;	Almonds-Raw;	356;
2020-05-25; 	 14:46:26; 	g dispensed; 	876;	 g; 	cpt1nut1d1;	Nude Foods;	Cape Town;	Almonds-Raw;	356;
2020-05-25; 	 14:47:01; 	R dispensed; 	106.12;	 R; 	cpt1nut1d1;	Nude Foods;	Cape Town;	Almonds-Raw;	357;
2020-05-25; 	 14:47:01; 	g dispensed; 	416;	 g; 	cpt1nut1d1;	Nude Foods;	Cape Town;	Almonds-Raw;	357;
2020-05-25; 	 14:47:29; 	R dispensed; 	108.73;	 R; 	cpt1nut1d1;	Nude Foods;	Cape Town;	Almonds-Raw;	358;
2020-05-25; 	 14:47:29; 	g dispensed; 	426;	 g; 	cpt1nut1d1;	Nude Foods;	Cape Town;	Almonds-Raw;	358;
2020-05-25; 	 14:48:47; 	R dispensed; 	0.04;	 R; 	cpt1nut1d1;	Nude Foods;	Cape Town;	Almonds-Raw;	359;
2020-05-25; 	 14:48:47; 	g dispensed; 	0;	 g; 	cpt1nut1d1;	Nude Foods;	Cape Town;	Almonds-Raw;	359;
2020-05-25; 	 14:50:36; 	R dispensed; 	45.59;	 R; 	cpt1nut1d1;	Nude Foods;	Cape Town;	Almonds-Raw;	360;
2020-05-25; 	 14:50:36; 	g dispensed; 	179;	 g; 	cpt1nut1d1;	Nude Foods;	Cape Town;	Almonds-Raw;	360;
2020-05-25; 	 14:52:15; 	R dispensed; 	129.89;	 R; 	cpt1nut1d1;	Nude Foods;	Cape Town;	Almonds-Raw;	361;
2020-05-25; 	 14:52:15; 	g dispensed; 	509;	 g; 	cpt1nut1d1;	Nude Foods;	Cape Town;	Almonds-Raw;	361;
2020-05-25; 	 14:52:52; 	R dispensed; 	148.28;	 R; 	cpt1nut1d1;	Nude Foods;	Cape Town;	Almonds-Raw;	362;
2020-05-25; 	 14:52:52; 	g dispensed; 	582;	 g; 	cpt1nut1d1;	Nude Foods;	Cape Town;	Almonds-Raw;	362;
2020-05-25; 	 14:53:20; 	R dispensed; 	254.10;	 R; 	cpt1nut1d1;	Nude Foods;	Cape Town;	Almonds-Raw;	363;
2020-05-25; 	 14:53:20; 	g dispensed; 	996;	 g; 	cpt1nut1d1;	Nude Foods;	Cape Town;	Almonds-Raw;	363;
2020-05-25; 	 14:53:47; 	R dispensed; 	172.82;	 R; 	cpt1nut1d1;	Nude Foods;	Cape Town;	Almonds-Raw;	364;
2020-05-25; 	 14:53:47; 	g dispensed; 	678;	 g; 	cpt1nut1d1;	Nude Foods;	Cape Town;	Almonds-Raw;	364;
2020-05-25; 	 14:54:17; 	R dispensed; 	70.00;	 R; 	cpt1nut1d1;	Nude Foods;	Cape Town;	Almonds-Raw;	365;
2020-05-25; 	 14:54:17; 	g dispensed; 	275;	 g; 	cpt1nut1d1;	Nude Foods;	Cape Town;	Almonds-Raw;	365;
2020-05-25; 	 14:54:27; 	R dispensed; 	109.29;	 R; 	cpt1nut1d1;	Nude Foods;	Cape Town;	Almonds-Raw;	366;
2020-05-25; 	 14:54:27; 	g dispensed; 	429;	 g; 	cpt1nut1d1;	Nude Foods;	Cape Town;	Almonds-Raw;	366;
Date; 	Time; 	Message; 	Quantity; 	Unit; 	UID; 	Store; 	Location; 	Product; 	Transaction;
2020-05-25; 	 14:56:27; 	R dispensed; 	46.58;	 R; 	cpt1nut1d1;	Nude Foods;	Cape Town;	Almonds-Raw;	367;
2020-05-25; 	 14:56:27; 	g dispensed; 	183;	 g; 	cpt1nut1d1;	Nude Foods;	Cape Town;	Almonds-Raw;	367;
Date; 	Time; 	Message; 	Quantity; 	Unit; 	UID; 	Store; 	Location; 	Product; 	Transaction;
2020-05-25; 	 14:58:08; 	R dispensed; 	46.27;	 R; 	cpt1nut1d1;	Nude Foods;	Cape Town;	Almonds-Raw;	368;
2020-05-25; 	 14:58:08; 	g dispensed; 	181;	 g; 	cpt1nut1d1;	Nude Foods;	Cape Town;	Almonds-Raw;	368;
2020-05-25; 	 15:05:27; 	R dispensed; 	0.40;	 R; 	cpt1nut1d1;	Nude Foods;	Cape Town;	Almonds-Raw;	369;
2020-05-25; 	 15:05:27; 	g dispensed; 	2;	 g; 	cpt1nut1d1;	Nude Foods;	Cape Town;	Almonds-Raw;	369;
2020-05-25; 	 15:05:40; 	R dispensed; 	0;	 R; 	cpt1nut1d1;	Nude Foods;	Cape Town;	Almonds-Raw;	370;
2020-05-25; 	 15:05:40; 	g dispensed; 	0;	 g; 	cpt1nut1d1;	Nude Foods;	Cape Town;	Almonds-Raw;	370;
                                                                                                                                                                                                           Date; 	Time; 	Message; 	Quantity; 	Unit; 	UID; 	Store; 	Location; 	Product; 	Transaction;
2020-05-25; 	 15:07:49; 	R dispensed; 	32.37;	 R; 	cpt1nut1d1;	Nude Foods;	Cape Town;	Almonds-Raw;	372;
2020-05-25; 	 15:07:49; 	g dispensed; 	127;	 g; 	cpt1nut1d1;	Nude Foods;	Cape Town;	Almonds-Raw;	372;
2020-05-25; 	 15:08:16; 	R dispensed; 	46.01;	 R; 	cpt1nut1d1;	Nude Foods;	Cape Town;	Almonds-Raw;	373;
2020-05-25; 	 15:08:16; 	g dispensed; 	180;	 g; 	cpt1nut1d1;	Nude Foods;	Cape Town;	Almonds-Raw;	373;
2020-05-25; 	 15:09:16; 	R dispensed; 	157.14;	 R; 	cpt1nut1d1;	Nude Foods;	Cape Town;	Almonds-Raw;	374;
2020-05-25; 	 15:09:16; 	g dispensed; 	616;	 g; 	cpt1nut1d1;	Nude Foods;	Cape Town;	Almonds-Raw;	374;
2020-05-25; 	 15:09:38; 	R dispensed; 	291.11;	 R; 	cpt1nut1d1;	Nude Foods;	Cape Town;	Almonds-Raw;	375;
2020-05-25; 	 15:09:38; 	g dispensed; 	1142;	 g; 	cpt1nut1d1;	Nude Foods;	Cape Town;	Almonds-Raw;	375;
2020-05-25; 	 15:10:02; 	R dispensed; 	162.43;	 R; 	cpt1nut1d1;	Nude Foods;	Cape Town;	Almonds-Raw;	376;
2020-05-25; 	 15:10:02; 	g dispensed; 	637;	 g; 	cpt1nut1d1;	Nude Foods;	Cape Town;	Almonds-Raw;	376;
2020-05-25; 	 15:10:29; 	R dispensed; 	130.48;	 R; 	cpt1nut1d1;	Nude Foods;	Cape Town;	Almonds-Raw;	377;
2020-05-25; 	 15:10:29; 	g dispensed; 	512;	 g; 	cpt1nut1d1;	Nude Foods;	Cape Town;	Almonds-Raw;	377;
2020-05-25; 	 15:11:06; 	R dispensed; 	28.13;	 R; 	cpt1nut1d1;	Nude Foods;	Cape Town;	Almonds-Raw;	378;
2020-05-25; 	 15:11:06; 	g dispensed; 	110;	 g; 	cpt1nut1d1;	Nude Foods;	Cape Town;	Almonds-Raw;	378;
2020-05-25; 	 15:12:01; 	R dispensed; 	144.21;	 R; 	cpt1nut1d1;	Nude Foods;	Cape Town;	Almonds-Raw;	379;
2020-05-25; 	 15:12:01; 	g dispensed; 	566;	 g; 	cpt1nut1d1;	Nude Foods;	Cape Town;	Almonds-Raw;	379;
2020-05-25; 	 15:12:21; 	R dispensed; 	243.13;	 R; 	cpt1nut1d1;	Nude Foods;	Cape Town;	Almonds-Raw;	380;
2020-05-25; 	 15:12:21; 	g dispensed; 	953;	 g; 	cpt1nut1d1;	Nude Foods;	Cape Town;	Almonds-Raw;	380;
2020-05-25; 	 15:12:42; 	R dispensed; 	201.88;	 R; 	cpt1nut1d1;	Nude Foods;	Cape Town;	Almonds-Raw;	381;
2020-05-25; 	 15:12:42; 	g dispensed; 	792;	 g; 	cpt1nut1d1;	Nude Foods;	Cape Town;	Almonds-Raw;	381;
2020-05-25; 	 15:13:13; 	R dispensed; 	221.39;	 R; 	cpt1nut1d1;	Nude Foods;	Cape Town;	Almonds-Raw;	382;
2020-05-25; 	 15:13:13; 	g dispensed; 	868;	 g; 	cpt1nut1d1;	Nude Foods;	Cape Town;	Almonds-Raw;	382;
2020-05-25; 	 15:14:01; 	R dispensed; 	138.41;	 R; 	cpt1nut1d1;	Nude Foods;	Cape Town;	Almonds-Raw;	383;
2020-05-25; 	 15:14:01; 	g dispensed; 	543;	 g; 	cpt1nut1d1;	Nude Foods;	Cape Town;	Almonds-Raw;	383;
2020-05-25; 	 15:14:23; 	R dispensed; 	284.81;	 R; 	cpt1nut1d1;	Nude Foods;	Cape Town;	Almonds-Raw;	384;
2020-05-25; 	 15:14:23; 	g dispensed; 	1117;	 g; 	cpt1nut1d1;	Nude Foods;	Cape Town;	Almonds-Raw;	384;
2020-05-25; 	 15:15:00; 	R dispensed; 	112.50;	 R; 	cpt1nut1d1;	Nude Foods;	Cape Town;	Almonds-Raw;	385;
2020-05-25; 	 15:15:00; 	g dispensed; 	441;	 g; 	cpt1nut1d1;	Nude Foods;	Cape Town;	Almonds-Raw;	385;
2020-05-25; 	 15:15:35; 	R dispensed; 	197.61;	 R; 	cpt1nut1d1;	Nude Foods;	Cape Town;	Almonds-Raw;	386;
2020-05-25; 	 15:15:35; 	g dispensed; 	775;	 g; 	cpt1nut1d1;	Nude Foods;	Cape Town;	Almonds-Raw;	386;
2020-05-25; 	 15:16:32; 	R dispensed; 	0.34;	 R; 	cpt1nut1d1;	Nude Foods;	Cape Town;	Almonds-Raw;	387;
2020-05-25; 	 15:16:32; 	g dispensed; 	1;	 g; 	cpt1nut1d1;	Nude Foods;	Cape Town;	Almonds-Raw;	387;
2020-05-25; 	 15:17:22; 	R dispensed; 	300.15;	 R; 	cpt1nut1d1;	Nude Foods;	Cape Town;	Almonds-Raw;	388;
2020-05-25; 	 15:17:22; 	g dispensed; 	1177;	 g; 	cpt1nut1d1;	Nude Foods;	Cape Town;	Almonds-Raw;	388;
2020-05-25; 	 15:17:51; 	R dispensed; 	274.19;	 R; 	cpt1nut1d1;	Nude Foods;	Cape Town;	Almonds-Raw;	389;
2020-05-25; 	 15:17:51; 	g dispensed; 	1075;	 g; 	cpt1nut1d1;	Nude Foods;	Cape Town;	Almonds-Raw;	389;
2020-05-25; 	 15:18:16; 	R dispensed; 	147.22;	 R; 	cpt1nut1d1;	Nude Foods;	Cape Town;	Almonds-Raw;	390;
2020-05-25; 	 15:18:16; 	g dispensed; 	577;	 g; 	cpt1nut1d1;	Nude Foods;	Cape Town;	Almonds-Raw;	390;
2020-05-25; 	 15:18:43; 	R dispensed; 	99.05;	 R; 	cpt1nut1d1;	Nude Foods;	Cape Town;	Almonds-Raw;	391;
2020-05-25; 	 15:18:43; 	g dispensed; 	388;	 g; 	cpt1nut1d1;	Nude Foods;	Cape Town;	Almonds-Raw;	391;
Date; 	Time; 	Message; 	Quantity; 	Unit; 	UID; 	Store; 	Location; 	Product; 	Transaction;
2020-05-25; 	 15:17:40; 	R dispensed; 	30.12;	 R; 	cpt1nut1d1;	Nude Foods;	Cape Town;	Almonds-Raw;	392;
2020-05-25; 	 15:17:40; 	g dispensed; 	118;	 g; 	cpt1nut1d1;	Nude Foods;	Cape Town;	Almonds-Raw;	392;
2020-05-25; 	 15:17:58; 	R dispensed; 	37.56;	 R; 	cpt1nut1d1;	Nude Foods;	Cape Town;	Almonds-Raw;	393;
2020-05-25; 	 15:17:58; 	g dispensed; 	147;	 g; 	cpt1nut1d1;	Nude Foods;	Cape Town;	Almonds-Raw;	393;
2020-05-25; 	 15:18:17; 	R dispensed; 	30.91;	 R; 	cpt1nut1d1;	Nude Foods;	Cape Town;	Almonds-Raw;	394;
2020-05-25; 	 15:18:17; 	g dispensed; 	121;	 g; 	cpt1nut1d1;	Nude Foods;	Cape Town;	Almonds-Raw;	394;
2020-05-25; 	 15:21:27; 	R dispensed; 	123.44;	 R; 	cpt1nut1d1;	Nude Foods;	Cape Town;	Almonds-Raw;	395;
2020-05-25; 	 15:21:27; 	g dispensed; 	484;	 g; 	cpt1nut1d1;	Nude Foods;	Cape Town;	Almonds-Raw;	395;
2020-05-25; 	 15:21:49; 	R dispensed; 	171.72;	 R; 	cpt1nut1d1;	Nude Foods;	Cape Town;	Almonds-Raw;	396;
2020-05-25; 	 15:21:49; 	g dispensed; 	673;	 g; 	cpt1nut1d1;	Nude Foods;	Cape Town;	Almonds-Raw;	396;
2020-05-25; 	 15:22:15; 	R dispensed; 	264.28;	 R; 	cpt1nut1d1;	Nude Foods;	Cape Town;	Almonds-Raw;	397;
2020-05-25; 	 15:22:15; 	g dispensed; 	1036;	 g; 	cpt1nut1d1;	Nude Foods;	Cape Town;	Almonds-Raw;	397;
2020-05-25; 	 15:22:51; 	R dispensed; 	220.09;	 R; 	cpt1nut1d1;	Nude Foods;	Cape Town;	Almonds-Raw;	398;
2020-05-25; 	 15:22:51; 	g dispensed; 	863;	 g; 	cpt1nut1d1;	Nude Foods;	Cape Town;	Almonds-Raw;	398;
2020-05-25; 	 15:23:22; 	R dispensed; 	33.59;	 R; 	cpt1nut1d1;	Nude Foods;	Cape Town;	Almonds-Raw;	399;
2020-05-25; 	 15:23:22; 	g dispensed; 	132;	 g; 	cpt1nut1d1;	Nude Foods;	Cape Town;	Almonds-Raw;	399;
2020-05-25; 	 15:23:39; 	R dispensed; 	40.97;	 R; 	cpt1nut1d1;	Nude Foods;	Cape Town;	Almonds-Raw;	400;
2020-05-25; 	 15:23:39; 	g dispensed; 	161;	 g; 	cpt1nut1d1;	Nude Foods;	Cape Town;	Almonds-Raw;	400;
2020-05-25; 	 15:23:57; 	R dispensed; 	0;	 R; 	cpt1nut1d1;	Nude Foods;	Cape Town;	Almonds-Raw;	401;
2020-05-25; 	 15:23:57; 	g dispensed; 	0;	 g; 	cpt1nut1d1;	Nude Foods;	Cape Town;	Almonds-Raw;	401;
2020-05-25; 	 15:24:11; 	R dispensed; 	17.14;	 R; 	cpt1nut1d1;	Nude Foods;	Cape Town;	Almonds-Raw;	402;
2020-05-25; 	 15:24:11; 	g dispensed; 	67;	 g; 	cpt1nut1d1;	Nude Foods;	Cape Town;	Almonds-Raw;	402;
Date; 	Time; 	Message; 	Quantity; 	Unit; 	UID; 	Store; 	Location; 	Product; 	Transaction;
2020-05-25; 	 15:26:39; 	R dispensed; 	50.29;	 R; 	cpt1nut1d1;	Nude Foods;	Cape Town;	Almonds-Raw;	403;
2020-05-25; 	 15:26:39; 	g dispensed; 	197;	 g; 	cpt1nut1d1;	Nude Foods;	Cape Town;	Almonds-Raw;	403;
2020-05-25; 	 15:27:59; 	R dispensed; 	363.54;	 R; 	cpt1nut1d1;	Nude Foods;	Cape Town;	Almonds-Raw;	404;
2020-05-25; 	 15:27:59; 	g dispensed; 	1426;	 g; 	cpt1nut1d1;	Nude Foods;	Cape Town;	Almonds-Raw;	404;
2020-05-25; 	 15:28:26; 	R dispensed; 	407.11;	 R; 	cpt1nut1d1;	Nude Foods;	Cape Town;	Almonds-Raw;	405;
2020-05-25; 	 15:28:26; 	g dispensed; 	1597;	 g; 	cpt1nut1d1;	Nude Foods;	Cape Town;	Almonds-Raw;	405;
2020-05-25; 	 15:28:59; 	R dispensed; 	238.41;	 R; 	cpt1nut1d1;	Nude Foods;	Cape Town;	Almonds-Raw;	406;
2020-05-25; 	 15:28:59; 	g dispensed; 	935;	 g; 	cpt1nut1d1;	Nude Foods;	Cape Town;	Almonds-Raw;	406;
2020-05-25; 	 15:29:40; 	R dispensed; 	40.33;	 R; 	cpt1nut1d1;	Nude Foods;	Cape Town;	Almonds-Raw;	407;
2020-05-25; 	 15:29:40; 	g dispensed; 	158;	 g; 	cpt1nut1d1;	Nude Foods;	Cape Town;	Almonds-Raw;	407;
2020-05-25; 	 15:29:55; 	R dispensed; 	382.18;	 R; 	cpt1nut1d1;	Nude Foods;	Cape Town;	Almonds-Raw;	408;
2020-05-25; 	 15:29:55; 	g dispensed; 	1499;	 g; 	cpt1nut1d1;	Nude Foods;	Cape Town;	Almonds-Raw;	408;
2020-05-25; 	 15:30:10; 	R dispensed; 	738.37;	 R; 	cpt1nut1d1;	Nude Foods;	Cape Town;	Almonds-Raw;	409;
2020-05-25; 	 15:30:10; 	g dispensed; 	2896;	 g; 	cpt1nut1d1;	Nude Foods;	Cape Town;	Almonds-Raw;	409;
2020-05-25; 	 15:30:32; 	R dispensed; 	1050.79;	 R; 	cpt1nut1d1;	Nude Foods;	Cape Town;	Almonds-Raw;	410;
2020-05-25; 	 15:30:32; 	g dispensed; 	4121;	 g; 	cpt1nut1d1;	Nude Foods;	Cape Town;	Almonds-Raw;	410;
2020-05-25; 	 15:30:46; 	R dispensed; 	2.03;	 R; 	cpt1nut1d1;	Nude Foods;	Cape Town;	Almonds-Raw;	411;
2020-05-25; 	 15:30:46; 	g dispensed; 	8;	 g; 	cpt1nut1d1;	Nude Foods;	Cape Town;	Almonds-Raw;	411;
Date; 	Time; 	Message; 	Quantity; 	Unit; 	UID; 	Store; 	Location; 	Product; 	Transaction;
2020-05-25; 	 15:32:32; 	R dispensed; 	48.62;	 R; 	cpt1nut1d1;	Nude Foods;	Cape Town;	Almonds-Raw;	412;
2020-05-25; 	 15:32:32; 	g dispensed; 	191;	 g; 	cpt1nut1d1;	Nude Foods;	Cape Town;	Almonds-Raw;	412;
2020-05-25; 	 15:33:32; 	R dispensed; 	35.75;	 R; 	cpt1nut1d1;	Nude Foods;	Cape Town;	Almonds-Raw;	413;
2020-05-25; 	 15:33:32; 	g dispensed; 	140;	 g; 	cpt1nut1d1;	Nude Foods;	Cape Town;	Almonds-Raw;	413;
2020-05-25; 	 15:33:46; 	R dispensed; 	32.80;	 R; 	cpt1nut1d1;	Nude Foods;	Cape Town;	Almonds-Raw;	414;
2020-05-25; 	 15:33:46; 	g dispensed; 	129;	 g; 	cpt1nut1d1;	Nude Foods;	Cape Town;	Almonds-Raw;	414;
2020-05-25; 	 15:34:15; 	R dispensed; 	43.49;	 R; 	cpt1nut1d1;	Nude Foods;	Cape Town;	Almonds-Raw;	415;
2020-05-25; 	 15:34:15; 	g dispensed; 	171;	 g; 	cpt1nut1d1;	Nude Foods;	Cape Town;	Almonds-Raw;	415;
2020-05-25; 	 15:34:31; 	R dispensed; 	141.21;	 R; 	cpt1nut1d1;	Nude Foods;	Cape Town;	Almonds-Raw;	416;
2020-05-25; 	 15:34:31; 	g dispensed; 	554;	 g; 	cpt1nut1d1;	Nude Foods;	Cape Town;	Almonds-Raw;	416;
2020-05-25; 	 15:45:30; 	R dispensed; 	239.03;	 R; 	cpt1nut1d1;	Nude Foods;	Cape Town;	Almonds-Raw;	417;
2020-05-25; 	 15:45:30; 	g dispensed; 	937;	 g; 	cpt1nut1d1;	Nude Foods;	Cape Town;	Almonds-Raw;	417;
2020-05-25; 	 15:46:15; 	R dispensed; 	243.31;	 R; 	cpt1nut1d1;	Nude Foods;	Cape Town;	Almonds-Raw;	418;
2020-05-25; 	 15:46:15; 	g dispensed; 	954;	 g; 	cpt1nut1d1;	Nude Foods;	Cape Town;	Almonds-Raw;	418;
2020-05-25; 	 15:46:55; 	R dispensed; 	86.52;	 R; 	cpt1nut1d1;	Nude Foods;	Cape Town;	Almonds-Raw;	419;
2020-05-25; 	 15:46:55; 	g dispensed; 	339;	 g; 	cpt1nut1d1;	Nude Foods;	Cape Town;	Almonds-Raw;	419;
2020-05-25; 	 15:47:12; 	R dispensed; 	146.82;	 R; 	cpt1nut1d1;	Nude Foods;	Cape Town;	Almonds-Raw;	420;
2020-05-25; 	 15:47:12; 	g dispensed; 	576;	 g; 	cpt1nut1d1;	Nude Foods;	Cape Town;	Almonds-Raw;	420;
2020-05-25; 	 15:54:24; 	R dispensed; 	215.26;	 R; 	cpt1nut1d1;	Nude Foods;	Cape Town;	Almonds-Raw;	421;
2020-05-25; 	 15:54:24; 	g dispensed; 	844;	 g; 	cpt1nut1d1;	Nude Foods;	Cape Town;	Almonds-Raw;	421;
2020-05-25; 	 15:55:18; 	R dispensed; 	213.67;	 R; 	cpt1nut1d1;	Nude Foods;	Cape Town;	Almonds-Raw;	422;
2020-05-25; 	 15:55:18; 	g dispensed; 	838;	 g; 	cpt1nut1d1;	Nude Foods;	Cape Town;	Almonds-Raw;	422;
2020-05-25; 	 15:55:36; 	R dispensed; 	171.47;	 R; 	cpt1nut1d1;	Nude Foods;	Cape Town;	Almonds-Raw;	423;
2020-05-25; 	 15:55:36; 	g dispensed; 	672;	 g; 	cpt1nut1d1;	Nude Foods;	Cape Town;	Almonds-Raw;	423;
2020-05-25; 	 15:56:27; 	R dispensed; 	185.85;	 R; 	cpt1nut1d1;	Nude Foods;	Cape Town;	Almonds-Raw;	424;
2020-05-25; 	 15:56:27; 	g dispensed; 	729;	 g; 	cpt1nut1d1;	Nude Foods;	Cape Town;	Almonds-Raw;	424;
2020-05-25; 	 15:59:56; 	R dispensed; 	494.85;	 R; 	cpt1nut1d1;	Nude Foods;	Cape Town;	Almonds-Raw;	425;
2020-05-25; 	 15:59:56; 	g dispensed; 	1941;	 g; 	cpt1nut1d1;	Nude Foods;	Cape Town;	Almonds-Raw;	425;
2020-05-25; 	 16:00:19; 	R dispensed; 	579.01;	 R; 	cpt1nut1d1;	Nude Foods;	Cape Town;	Almonds-Raw;	426;
2020-05-25; 	 16:00:19; 	g dispensed; 	2271;	 g; 	cpt1nut1d1;	Nude Foods;	Cape Town;	Almonds-Raw;	426;
Date; 	Time; 	Message; 	Quantity; 	Unit; 	UID; 	Store; 	Location; 	Product; 	Transaction;
2020-05-25; 	 15:55:29; 	R dispensed; 	36.87;	 R; 	cpt1nut1d1;	Nude Foods;	Cape Town;	Almonds-Raw;	427;
2020-05-25; 	 15:55:29; 	g dispensed; 	145;	 g; 	cpt1nut1d1;	Nude Foods;	Cape Town;	Almonds-Raw;	427;
Date; 	Time; 	Message; 	Quantity; 	Unit; 	UID; 	Store; 	Location; 	Product; 	Transaction;
Date; 	Time; 	Message; 	Quantity; 	Unit; 	UID; 	Store; 	Location; 	Product; 	Transaction;
2020-05-25; 	 16:32:22; 	R dispensed; 	163.47;	 R; 	cpt1nut1d1;	Nude Foods;	Cape Town;	Almonds-Raw;	428;
2020-05-25; 	 16:32:22; 	g dispensed; 	641;	 g; 	cpt1nut1d1;	Nude Foods;	Cape Town;	Almonds-Raw;	428;
2020-05-25; 	 16:32:42; 	R dispensed; 	80.87;	 R; 	cpt1nut1d1;	Nude Foods;	Cape Town;	Almonds-Raw;	429;
2020-05-25; 	 16:32:42; 	g dispensed; 	317;	 g; 	cpt1nut1d1;	Nude Foods;	Cape Town;	Almonds-Raw;	429;
2020-05-25; 	 16:32:59; 	R dispensed; 	97.61;	 R; 	cpt1nut1d1;	Nude Foods;	Cape Town;	Almonds-Raw;	430;
2020-05-25; 	 16:32:59; 	g dispensed; 	383;	 g; 	cpt1nut1d1;	Nude Foods;	Cape Town;	Almonds-Raw;	430;
Date; 	Time; 	Message; 	Quantity; 	Unit; 	UID; 	Store; 	Location; 	Product; 	Transaction;
2020-05-25; 	 16:33:47; 	R dispensed; 	139.20;	 R; 	cpt1nut1d1;	Nude Foods;	Cape Town;	Almonds-Raw;	431;
2020-05-25; 	 16:33:47; 	g dispensed; 	546;	 g; 	cpt1nut1d1;	Nude Foods;	Cape Town;	Almonds-Raw;	431;
2020-05-25; 	 16:37:46; 	R dispensed; 	168.79;	 R; 	cpt1nut1d1;	Nude Foods;	Cape Town;	Almonds-Raw;	432;
2020-05-25; 	 16:37:46; 	g dispensed; 	662;	 g; 	cpt1nut1d1;	Nude Foods;	Cape Town;	Almonds-Raw;	432;
2020-05-25; 	 16:38:03; 	R dispensed; 	156.35;	 R; 	cpt1nut1d1;	Nude Foods;	Cape Town;	Almonds-Raw;	433;
2020-05-25; 	 16:38:03; 	g dispensed; 	613;	 g; 	cpt1nut1d1;	Nude Foods;	Cape Town;	Almonds-Raw;	433;
2020-05-25; 	 17:14:21; 	R dispensed; 	48.74;	 R; 	cpt1nut1d1;	Nude Foods;	Cape Town;	Almonds-Raw;	434;
2020-05-25; 	 17:14:21; 	g dispensed; 	191;	 g; 	cpt1nut1d1;	Nude Foods;	Cape Town;	Almonds-Raw;	434;
2020-05-25; 	 17:15:12; 	R dispensed; 	47.16;	 R; 	cpt1nut1d1;	Nude Foods;	Cape Town;	Almonds-Raw;	435;
2020-05-25; 	 17:15:12; 	g dispensed; 	185;	 g; 	cpt1nut1d1;	Nude Foods;	Cape Town;	Almonds-Raw;	435;
2020-05-25; 	 17:27:55; 	R dispensed; 	146.35;	 R; 	cpt1nut1d1;	Nude Foods;	Cape Town;	Almonds-Raw;	436;
2020-05-25; 	 17:27:55; 	g dispensed; 	574;	 g; 	cpt1nut1d1;	Nude Foods;	Cape Town;	Almonds-Raw;	436;
Date; 	Time; 	Message; 	Quantity; 	Unit; 	UID; 	Store; 	Location; 	Product; 	Transaction;
2020-05-25; 	 18:01:50; 	R dispensed; 	22.26;	 R; 	cpt1nut1d1;	Nude Foods;	Cape Town;	Almonds-Raw;	437;
2020-05-25; 	 18:01:50; 	g dispensed; 	87;	 g; 	cpt1nut1d1;	Nude Foods;	Cape Town;	Almonds-Raw;	437;
2020-05-25; 	 18:02:13; 	R dispensed; 	31.48;	 R; 	cpt1nut1d1;	Nude Foods;	Cape Town;	Almonds-Raw;	438;
2020-05-25; 	 18:02:13; 	g dispensed; 	123;	 g; 	cpt1nut1d1;	Nude Foods;	Cape Town;	Almonds-Raw;	438;
2020-05-25; 	 18:02:36; 	R dispensed; 	0;	 R; 	cpt1nut1d1;	Nude Foods;	Cape Town;	Almonds-Raw;	439;
2020-05-25; 	 18:02:36; 	g dispensed; 	0;	 g; 	cpt1nut1d1;	Nude Foods;	Cape Town;	Almonds-Raw;	439;
Date; 	Time; 	Message; 	Quantity; 	Unit; 	UID; 	Store; 	Location; 	Product; 	Transaction;
Date; 	Time; 	Message; 	Quantity; 	Unit; 	UID; 	Store; 	Location; 	Product; 	Transaction;
2020-05-25; 	 18:06:15; 	R dispensed; 	44.57;	 R; 	cpt1nut1d1;	Nude Foods;	Cape Town;	Almonds-Raw;	441;
2020-05-25; 	 18:06:15; 	g dispensed; 	175;	 g; 	cpt1nut1d1;	Nude Foods;	Cape Town;	Almonds-Raw;	441;
2020-05-25; 	 18:08:56; 	R dispensed; 	44.52;	 R; 	cpt1nut1d1;	Nude Foods;	Cape Town;	Almonds-Raw;	442;
2020-05-25; 	 18:08:56; 	g dispensed; 	175;	 g; 	cpt1nut1d1;	Nude Foods;	Cape Town;	Almonds-Raw;	442;
2020-05-25; 	 18:12:45; 	R dispensed; 	199.90;	 R; 	cpt1nut1d1;	Nude Foods;	Cape Town;	Almonds-Raw;	443;
2020-05-25; 	 18:12:45; 	g dispensed; 	784;	 g; 	cpt1nut1d1;	Nude Foods;	Cape Town;	Almonds-Raw;	443;
